Time,IP,Method,Endpoint,Status
12:57:03,254.147.60.236,GET,/index.html,304
22:35:39,58.175.200.230,GET,/signup.php,200
10:00:00,117.24.38.157,GET,/prototype.php,200
05:27:36,76.49.229.13,GET,/index.html,500
04:27:27,30.228.20.178,GET,/images/events.jpg,304
22:31:42,183.203.104.9,GET,/index.html,500
21:38:21,243.198.65.52,GET,/aiassistant.php,200
00:10:36,100.144.57.250,GET,/event.php,404
01:00:14,134.84.59.19,GET,/login.php,404
14:29:09,63.65.156.242,GET,/dashboard.php,404
23:35:29,205.205.214.36,GET,/images/banner.jpg,304
04:58:56,238.66.127.163,GET,/event.php,500
02:25:25,127.57.209.57,GET,/dashboard.php,404
00:13:52,98.71.210.255,GET,/event.php,304
04:10:12,179.218.157.105,GET,/dashboard.php,200
15:46:32,173.127.124.80,GET,/prototype.php,404
17:26:57,53.232.175.191,GET,/event.php,500
23:31:58,36.83.43.94,GET,/login.php,200
00:52:25,7.224.129.61,GET,/dashboard.php,404
22:13:34,1.163.79.123,GET,/aiassistant.php,404
13:43:28,167.211.4.16,GET,/event.php,200
23:08:28,142.231.27.73,GET,/aiassistant.php,500
05:11:31,218.88.81.36,GET,/aiassistant.php,404
18:18:50,143.204.122.159,GET,/scheduledemo.php,304
09:58:45,31.220.28.227,GET,/pricing.html,500
09:16:00,222.251.21.69,GET,/dashboard.php,500
10:42:31,6.109.66.237,GET,/prototype.php,304
16:06:19,79.250.62.54,GET,/images/logo.png,200
08:29:10,85.174.208.183,GET,/images/banner.jpg,500
15:15:40,50.94.188.106,GET,/dashboard.php,200
19:30:21,38.243.86.204,GET,/signup.php,404
20:29:54,204.229.117.163,GET,/aiassistant.php,404
11:41:03,108.113.195.173,GET,/dashboard.php,200
00:58:01,243.98.221.79,GET,/scheduledemo.php,304
14:35:27,230.23.153.118,GET,/images/logo.png,404
06:03:37,127.253.199.10,GET,/scheduledemo.php,404
19:16:58,69.212.158.158,GET,/images/events.jpg,200
17:01:45,142.137.92.188,GET,/scheduledemo.php,200
02:11:05,122.93.253.62,GET,/login.php,404
01:31:18,252.206.104.241,GET,/dashboard.php,404
03:37:16,141.72.40.225,GET,/contact.html,304
00:34:57,51.66.68.242,GET,/event.php,404
16:50:20,186.16.80.129,GET,/dashboard.php,404
18:33:12,190.70.21.70,GET,/scheduledemo.php,404
22:46:03,91.3.218.58,GET,/images/logo.png,404
14:34:59,43.109.197.221,GET,/scheduledemo.php,304
02:59:05,229.96.38.165,GET,/aiassistant.php,304
03:36:59,163.142.83.143,GET,/contact.html,304
19:07:48,67.209.101.51,GET,/index.html,304
08:42:44,215.148.241.251,GET,/event.php,404
12:21:10,3.104.70.108,GET,/prototype.php,304
03:01:44,86.24.94.209,GET,/contact.html,500
13:10:24,156.22.239.185,GET,/scheduledemo.php,404
00:13:08,71.180.242.4,GET,/scheduledemo.php,404
05:08:40,231.156.190.102,GET,/index.html,500
20:33:57,48.120.228.134,GET,/images/banner.jpg,500
10:25:30,43.103.23.1,GET,/event.php,404
05:31:11,61.64.254.123,GET,/images/banner.jpg,500
15:31:14,212.86.105.140,GET,/login.php,500
03:11:18,183.74.42.214,GET,/index.html,500
07:39:07,27.11.115.10,GET,/signup.php,304
01:04:33,68.162.105.192,GET,/contact.html,200
14:56:42,128.158.220.238,GET,/prototype.php,404
22:07:43,231.156.136.171,GET,/event.php,500
22:32:42,11.147.210.61,GET,/login.php,404
11:57:16,83.33.154.89,GET,/dashboard.php,200
03:45:46,230.120.227.16,GET,/index.html,404
12:07:46,133.30.164.71,GET,/scheduledemo.php,500
03:28:55,147.149.53.126,GET,/event.php,304
23:18:38,136.24.125.221,GET,/index.html,404
18:47:34,99.175.21.141,GET,/dashboard.php,404
08:35:31,86.212.53.3,GET,/images/events.jpg,304
02:10:26,30.53.8.105,GET,/signup.php,304
20:06:45,181.66.74.69,GET,/dashboard.php,500
03:13:43,238.83.145.135,GET,/images/logo.png,500
02:28:58,136.136.169.91,GET,/images/logo.png,304
08:48:54,49.139.39.107,GET,/index.html,200
14:09:55,2.190.120.85,GET,/images/banner.jpg,404
19:41:01,48.44.175.100,GET,/scheduledemo.php,200
09:32:27,248.87.112.245,GET,/prototype.php,200
20:39:08,228.226.100.133,GET,/login.php,500
07:37:22,115.240.109.4,GET,/signup.php,404
12:29:01,250.230.18.160,GET,/dashboard.php,200
04:42:27,7.56.24.69,GET,/aiassistant.php,500
23:10:36,134.192.179.123,GET,/images/logo.png,500
07:13:27,180.233.229.146,GET,/event.php,500
00:23:43,72.141.110.56,GET,/images/logo.png,304
20:02:12,200.73.12.111,GET,/pricing.html,304
20:58:34,153.81.235.246,GET,/dashboard.php,500
23:49:43,92.232.229.73,GET,/contact.html,200
08:59:45,203.165.208.114,GET,/aiassistant.php,500
14:26:04,90.22.162.79,GET,/images/logo.png,404
14:22:15,64.73.254.41,GET,/images/events.jpg,200
20:47:17,115.109.195.31,GET,/scheduledemo.php,304
19:23:19,48.245.213.136,GET,/contact.html,304
21:13:00,54.71.99.113,GET,/login.php,404
04:39:56,240.206.56.53,GET,/pricing.html,200
01:30:41,107.224.57.6,GET,/prototype.php,304
20:34:40,117.235.74.208,GET,/signup.php,200
14:05:07,184.247.229.172,GET,/images/logo.png,200
23:25:50,115.46.114.160,GET,/event.php,500
13:21:08,173.238.220.109,GET,/event.php,500
16:09:10,52.222.101.159,GET,/scheduledemo.php,500
09:17:48,242.64.164.16,GET,/event.php,304
08:53:45,82.165.171.219,GET,/images/logo.png,304
21:29:43,220.25.173.50,GET,/contact.html,404
07:40:22,17.108.191.153,GET,/images/banner.jpg,500
00:25:16,174.150.144.135,GET,/login.php,304
23:27:32,214.33.101.146,GET,/images/banner.jpg,500
23:56:51,207.155.71.203,GET,/prototype.php,304
19:23:01,167.82.130.174,GET,/contact.html,500
13:16:57,30.253.202.251,GET,/signup.php,404
17:37:15,134.65.26.21,GET,/event.php,500
06:42:31,105.225.10.233,GET,/dashboard.php,200
05:57:20,150.10.181.15,GET,/pricing.html,304
07:01:36,192.104.28.146,GET,/images/events.jpg,404
19:24:18,116.16.47.138,GET,/pricing.html,304
05:37:55,29.76.6.136,GET,/event.php,200
00:32:47,126.117.4.102,GET,/pricing.html,404
01:50:35,56.113.120.186,GET,/contact.html,404
